Model,IndCentRatio,MinABSSurvCoef,AvgABSSurvCoef,MinPosSigRate,AvgPosSigRate,MinABSGeCohD,AvgABSGeCohD,NormIndCentRatio,NormMinABSSurvCoef,NormAvgABSSurvCoef,NormMinPosSigRate,NormAvgPosSigRate,NormMinABSGeCohD,NormAvgABSGeCohD,Metrics,MaxSurvpVal
M01_CFR_S5_Epo56.hdf5,0.00425531914893617,0.4153932563564823,4.636446833905083,0.006,0.3805,0.4545982385151939,0.8381680991956553,0.0,0.6400851357501344,1.0,0.75,0.0,0.297969521838709,0.08079356953316702,2.7688482271220103,0.993
M01_CFR_S3_Epo70.hdf5,0.008547008547008548,0.5704108691022182,1.040710452143783,0.002,0.46799999999999997,0.4497497358232255,0.8356308990114862,1.0,1.0,0.0,0.25,1.0,0.0,0.0,3.25,0.448
M01_CFR_S2_Epo62.hdf5,0.006396588486140725,0.43547105491584515,4.456955829407989,0.0,0.448,0.4502337153454558,0.8563793103211669,0.4989339019189764,0.6867011170888614,0.950082268153047,0.0,0.7714285714285718,0.02974343956899787,0.6607039611265266,3.5975932592849813,0.99
M01_CFR_S1_Epo65.hdf5,0.006396588486140725,0.3357706220312376,4.566103586376254,0.0,0.4585,0.4522710528649625,0.8627366233686057,0.4989339019189764,0.4552198864613859,0.9804370398548593,0.0,0.8914285714285719,0.15495002912438474,0.863143649152396,3.844113077940574,0.992
M01_CFR_S4_Epo53.hdf5,0.00425531914893617,0.1397045322888623,4.307838509527216,0.008,0.3965,0.4660215432955107,0.8670343906362432,0.0,0.0,0.908611675192689,1.0,0.18285714285714308,1.0,1.0,4.091468818049832,0.991
