Model,IndCentRatio,MinABSSurvCoef,AvgABSSurvCoef,MinNegSigRate,AvgNegSigRate,MinABSGeCohD,AvgABSGeCohD,NormIndCentRatio,NormMinABSSurvCoef,NormAvgABSSurvCoef,NormMinNegSigRate,NormAvgNegSigRate,NormMinABSGeCohD,NormAvgABSGeCohD,Metrics,MaxSurvpVal
M01_CFR_S1_Epo62.hdf5,0.006396588486140725,0.43547105491584515,4.456955829407989,0.0,0.044500000000000005,0.4492380488040498,0.8549566536825761,0.0,0.0,0.0,0.0,0.0,0.12337477478422049,0.18193975789113903,0.3053145326753595,0.99
M01_CFR_S4_Epo62.hdf5,0.006396588486140725,0.43547105491584515,4.456955829407989,0.0,0.044500000000000005,0.4492380488040498,0.8549566536825761,0.0,0.0,0.0,0.0,0.0,0.12337477478422049,0.18193975789113903,0.3053145326753595,0.99
M01_CFR_S3_Epo62.hdf5,0.006396588486140725,0.43547105491584515,4.456955829407989,0.0,0.044500000000000005,0.4494886054078239,0.8553986694799359,0.0,0.0,0.0,0.0,0.0,0.3439749758340726,0.4361089933872676,0.7800839692213402,0.99
M01_CFR_S5_Epo62.hdf5,0.006396588486140725,0.43547105491584515,4.458594589172301,0.0,0.049,0.44909792035260593,0.8546402493506406,0.0,0.0,1.0,0.0,1.0,0.0,0.0,2.0,0.99
M01_CFR_S2_Epo62.hdf5,0.006396588486140725,0.43547105491584515,4.456955829407989,0.0,0.045000000000000005,0.4502337153454558,0.8563793103211669,0.0,0.0,0.0,0.0,0.11111111111111129,1.0,1.0,2.1111111111111116,0.99
