Model,IndCentRatio,MinABSSurvCoef,AvgABSSurvCoef,MinPosSigRate,AvgPosSigRate,MinABSGeCohD,AvgABSGeCohD,NormIndCentRatio,NormMinABSSurvCoef,NormAvgABSSurvCoef,NormMinPosSigRate,NormAvgPosSigRate,NormMinABSGeCohD,NormAvgABSGeCohD,Metrics,MaxSurvpVal
M08_RCFR_AC_W3_S3_Epo57.hdf5,0.3347547974413646,1.5909991540025301,3.102644515693509,0.0012557555462536626,0.0333821682712432,0.1296498907740173,0.31387005378846106,0.08904100646805094,0.03828087296980832,0.01886480902678965,0.9046546965507564,0.0,0.8950639269361612,0.9636636230034703,2.909568934955037,0.0
M08_RCFR_AC_W3_S4_Epo57.hdf5,0.34623655913978496,1.5684192449050813,3.086631359739152,0.0012749681257968552,0.033999150021249466,0.1341945214593978,0.3189379243894793,0.14967825101618615,0.010084823799709325,0.0,0.9255353460589615,0.10874384403322948,1.0,1.0,3.1940422649080866,0.0
M08_RCFR_AC_W3_S1_Epo19.hdf5,0.5018050541516246,1.9157103796525288,3.3446414435544227,0.0013434841021047917,0.03537841468875951,0.10678191250992654,0.19612465945636434,0.9712633982951168,0.44375521057663797,0.30395700710307033,1.0,0.3518410537687407,0.36703953858214994,0.11943507517976026,3.5572912835054766,0.0
M08_RCFR_AC_W3_S2_Epo57.hdf5,0.3178947368421053,1.5603431345504892,3.3330003524714362,0.001266891891891892,0.03737331081081081,0.12573454082021454,0.30337867173098015,0.0,0.0,0.2902428485218413,0.9167579193143279,0.7034441161877452,0.8046580221957749,0.8884409419865837,3.6035438482062734,0.0
M08_RCFR_AC_W3_S5_Epo16.hdf5,0.5072463768115942,2.3611613258236854,3.9354687866973035,0.0004233700254022015,0.039055884843353095,0.09088595699066904,0.179466930858609,1.0,1.0,1.0,0.0,1.0,0.0,0.0,4.0,0.0
