Model,IndCentRatio,MinABSSurvCoef,AvgABSSurvCoef,MinNegSigRate,AvgNegSigRate,MinABSGeCohD,AvgABSGeCohD,NormIndCentRatio,NormMinABSSurvCoef,NormAvgABSSurvCoef,NormMinNegSigRate,NormAvgNegSigRate,NormMinABSGeCohD,NormAvgABSGeCohD,Metrics,MaxSurvpVal
M08_RCFR_AC_W3_S3_Epo21.hdf5,0.477797513321492,1.695731171525575,3.0583557195583118,0.24183303085299457,0.47595281306715065,0.1274287563368123,0.22644056197950743,1.0,0.9529703348933276,1.0,0.0,0.0,0.0,0.0,2.952970334893328,0.0
M08_RCFR_AC_W3_S5_Epo22.hdf5,0.45200698080279234,1.5602408713635234,2.654127941676053,0.26053113553113555,0.5298763736263736,0.13987489015893412,0.2555135409064535,0.0,0.1532207893004152,0.07116153177662313,0.5696933968813395,0.9713905941251361,1.0,0.804649870000877,3.5701161820843907,0.0
M08_RCFR_AC_W3_S2_Epo22.hdf5,0.45454545454545453,1.7036987452202867,2.6787329946032714,0.25137614678899084,0.5112385321100917,0.13838332137186088,0.2517747898428224,0.09842657342657235,1.0,0.12769925857809358,0.2907594233743848,0.6356445166043961,0.8801580628659064,0.701172838463249,3.733860673312602,0.0
M08_RCFR_AC_W3_S4_Epo22.hdf5,0.45454545454545453,1.5342828313148869,2.6231586517027567,0.27414187643020593,0.5314645308924485,0.1386830262206152,0.2625717788116364,0.09842657342657235,0.0,0.0,0.984385118333083,1.0,0.9042382192452016,1.0,3.987049911004857,0.0
M08_RCFR_AC_W3_S1_Epo22.hdf5,0.4647887323943662,1.5626713764654134,2.8451203880954585,0.2746543778801843,0.5122119815668202,0.1390663235227364,0.2502870569522868,0.4955985915492952,0.16756716943591526,0.5100258085065326,1.0,0.6531804440601464,0.9350347145745319,0.6599970071191833,4.421403735245605,0.0
