Model,IndCentRatio,MinABSSurvCoef,AvgABSSurvCoef,MinNegSigRate,AvgNegSigRate,MinABSGeCohD,AvgABSGeCohD,NormIndCentRatio,NormMinABSSurvCoef,NormAvgABSSurvCoef,NormMinNegSigRate,NormAvgNegSigRate,NormMinABSGeCohD,NormAvgABSGeCohD,Metrics,MaxSurvpVal
M08_RCFR_AC_W3_S2_Epo50.hdf5,0.25866666666666666,1.3382156000006327,2.958414506077353,0.33309633842872377,0.6060255954496978,0.1607077875899139,0.33731156857034167,0.6945464757090707,0.18415099381047903,0.05444053824836114,0.36924492462526043,0.4779902495272427,0.24250157439063208,0.7381126572931148,2.760987413604161,0.0
M08_RCFR_AC_W3_S1_Epo51.hdf5,0.27022900763358776,1.3515284541284682,3.099292263028434,0.30678990401706363,0.5631887664415215,0.15755014143601154,0.3048226491672612,1.0,0.5190705538348959,1.0,0.20464176545496357,0.0,0.06459718686359353,0.0,2.788309506153453,0.0
M08_RCFR_AC_W3_S3_Epo50.hdf5,0.2606060606060606,1.370645114744259,2.950303476336895,0.2740846071809456,0.5957163170991824,0.15640359827601366,0.33504065508550535,0.7457813178116472,1.0,0.0,0.0,0.3629552517157075,0.0,0.6865199906987196,2.795256560226074,0.0
M08_RCFR_AC_W3_S4_Epo50.hdf5,0.2606060606060606,1.3596099812037705,2.9725611275975146,0.3131887664415215,0.6046036260220407,0.15853733379024756,0.3327200060368264,0.7457813178116472,0.722382440707175,0.14939145257086284,0.2446803717396303,0.4621233532773774,0.12021641795910118,0.6337973865790285,3.0783727406448227,0.0
M08_RCFR_AC_W3_S5_Epo50.hdf5,0.23237597911227154,1.3308957070749519,2.9680005269440057,0.43390191897654584,0.6528073916133617,0.17415271732695578,0.3488388560187021,0.0,0.0,0.11878109084645373,1.0,1.0,1.0,1.0,4.118781090846454,0.0
