Model,IndCentRatio,MinABSSurvCoef,AvgABSSurvCoef,MinNegSigRate,AvgNegSigRate,MinABSGeCohD,AvgABSGeCohD,NormIndCentRatio,NormMinABSSurvCoef,NormAvgABSSurvCoef,NormMinNegSigRate,NormAvgNegSigRate,NormMinABSGeCohD,NormAvgABSGeCohD,Metrics,MaxSurvpVal
M06_RCFR_AC_W1_S5_Epo26.hdf5,0.3959731543624161,2.3576697915901352,3.1007519013708196,0.132,0.45599999999999996,0.12531630368702645,0.28135626593447,1.0,0.0,1.0,0.0,0.0,0.0,0.0,2.0,0.0
M06_RCFR_AC_W1_S4_Epo27.hdf5,0.3206751054852321,2.709792787941641,3.0067257476003366,0.19,0.46,0.13017373877201358,0.2849377000162481,0.0,0.8295068534157165,0.0,0.9666666666666667,0.32000000000000445,1.0,0.2987258915821265,3.414899411664514,0.0
M06_RCFR_AC_W1_S3_Epo27.hdf5,0.33191489361702126,2.730445381695231,3.050963489999222,0.192,0.45599999999999996,0.12864113304806665,0.28552816559468974,0.14927064245877056,0.8781587967335908,0.4704833774958964,1.0,0.0,0.6844825103924191,0.34797637402601167,3.5303717011066884,0.0
M06_RCFR_AC_W1_S2_Epo27.hdf5,0.3347547974413646,2.7821665813412326,3.061868821872709,0.19,0.45599999999999996,0.12834645848599247,0.28408452252354405,0.1869861459371597,1.0,0.5864652765333377,0.9666666666666667,0.0,0.6238178680619558,0.22756272024734098,3.5914986774464612,0.0
M06_RCFR_AC_W1_S1_Epo27.hdf5,0.3347547974413646,2.7145757675754076,3.0220435010554487,0.19,0.46849999999999997,0.1287207445740068,0.2933452972929837,0.1869861459371597,0.8407742640281056,0.1629094974202881,0.9666666666666667,1.0,0.7008721325998708,1.0,4.858208706652091,0.0
