Model,IndCentRatio,MinABSSurvCoef,AvgABSSurvCoef,MinPosSigRate,AvgPosSigRate,MinABSGeCohD,AvgABSGeCohD,NormIndCentRatio,NormMinABSSurvCoef,NormAvgABSSurvCoef,NormMinPosSigRate,NormAvgPosSigRate,NormMinABSGeCohD,NormAvgABSGeCohD,Metrics,MaxSurvpVal
M08_RCFR_AC_W3_S4_Epo16.hdf5,0.5045207956600362,2.361160589160735,3.866897302278512,0.0,0.046,0.0873667416274522,0.1853462630802922,0.33212778782398744,1.0,0.8839871737819968,0.0,0.0,0.016807155080774863,0.0,2.232922116686759,0.0
M08_RCFR_AC_W3_S1_Epo19.hdf5,0.5018050541516246,1.915710388594331,3.344659940062661,0.004,0.0465,0.1050280682343733,0.2036079168206814,0.0,0.0,0.0,1.0,0.16666666666666666,1.0,1.0,3.166666666666667,0.0
M08_RCFR_AC_W3_S2_Epo16.hdf5,0.5072463768115942,2.361160589160735,3.9354347586401097,0.0,0.0485,0.0870648307086038,0.1859559397049273,0.6654589371980708,1.0,1.0,0.0,0.8333333333333334,0.0,0.033385619577633224,3.5321778901090375,0.0
M08_RCFR_AC_W3_S3_Epo16.hdf5,0.5099818511796733,2.361160589160735,3.7869785139418513,0.0,0.0475,0.089693084321455,0.1891963709114875,1.0,1.0,0.7487092543048256,0.0,0.5,0.14631291319734463,0.21083018470994408,3.605852352212114,0.0
M08_RCFR_AC_W3_S5_Epo16.hdf5,0.5072463768115942,2.361160589160735,3.9354347586401097,0.0,0.049,0.0876177170453584,0.1863607064648295,0.6654589371980708,1.0,1.0,0.0,1.0,0.03077876891409164,0.055550466510798806,3.751788172622961,0.0
