Model,IndCentRatio,MinABSSurvCoef,AvgABSSurvCoef,MinPosSigRate,AvgPosSigRate,MinABSGeCohD,AvgABSGeCohD,NormIndCentRatio,NormMinABSSurvCoef,NormAvgABSSurvCoef,NormMinPosSigRate,NormAvgPosSigRate,NormMinABSGeCohD,NormAvgABSGeCohD,Metrics,MaxSurvpVal
M07_RCFR_AC_W2_S2_Epo43.hdf5,0.4125636672325976,1.9780944979105493,3.4815010318052755,0.214,0.372,0.1097772216004344,0.1722175567958037,0.7094348775163707,0.0,0.9230455652098202,0.018042211967622374,0.0,0.0047115551039920945,0.0,1.6552342097978054,0.0
M07_RCFR_AC_W2_S3_Epo43.hdf5,0.4149659863945578,2.1021606133052377,3.4992480185737884,0.212,0.3765,0.1095982324095273,0.173125121182413,0.7817055393585998,1.0,1.0,0.0,0.04045725271411343,0.0,0.029451480685597994,2.851614272758311,0.0
M07_RCFR_AC_W2_S5_Epo43.hdf5,0.4222222222222222,2.040951875824609,3.3752120082213573,0.2434077079107505,0.4082150101419878,0.1137696141084707,0.1786687559793712,1.0,0.5066442010704787,0.4621553960227559,0.28333226177146514,0.3255910705241289,0.1098038078989737,0.20934863791165564,2.8968753751994583,0.0
M07_RCFR_AC_W2_S4_Epo44.hdf5,0.391304347826087,2.101447581406405,3.2686312020524144,0.3128964059196617,0.4830866807610993,0.1475268197059736,0.2028332741578907,0.0698757763975176,0.9942528070894756,0.0,0.910197171186902,0.9987248703830739,0.9983989991693543,0.9935143135507356,4.964963937777059,0.0
M07_RCFR_AC_W2_S1_Epo44.hdf5,0.3889816360601001,2.101447581406405,3.2713854752070497,0.3228511530398323,0.4832285115303983,0.147587640780331,0.2030331343315405,0.0,0.9942528070894756,0.011943071611952492,1.0,1.0,1.0,1.0,5.006195878701428,0.0
