Model,IndCentRatio,MinABSSurvCoef,AvgABSSurvCoef,MinNegSigRate,AvgNegSigRate,MinABSGeCohD,AvgABSGeCohD,NormIndCentRatio,NormMinABSSurvCoef,NormAvgABSSurvCoef,NormMinNegSigRate,NormAvgNegSigRate,NormMinABSGeCohD,NormAvgABSGeCohD,Metrics,MaxSurvpVal
M03_RCFR_S5_Epo22.hdf5,0.38802660753880264,2.7000077157374878,3.2423436298195365,0.144,0.411,0.10704320596560453,0.27595944482017376,0.0,0.0,0.0,0.8181818181818179,0.11764705882352365,0.0,1.0,1.9358288770053416,0.0
M03_RCFR_S3_Epo22.hdf5,0.40358744394618834,2.785354642679649,3.296150826256067,0.136,0.41000000000000003,0.11064461154014665,0.2682330566357461,0.4943946188340813,1.0,0.36096506925799804,0.45454545454545514,0.0,0.5964816494673081,0.20415880248880697,3.1105455945936495,0.0
M03_RCFR_S2_Epo22.hdf5,0.4067415730337079,2.752738598330878,3.3790427971888928,0.126,0.4105,0.11308095344326521,0.26794169045839766,0.5946067415730352,0.6178416081591965,0.9170450736119417,0.0,0.05882352941175856,1.0,0.17414721079029735,3.3624641635462296,0.0
M03_RCFR_S4_Epo22.hdf5,0.41950113378684806,2.7135816456877904,3.382455154335524,0.148,0.415,0.11147514235816985,0.2662509901578741,1.0,0.1590441558546276,0.9399368393113446,1.0,0.5882352941176444,0.7340380512704833,0.0,4.4212543405541,0.0
M03_RCFR_S1_Epo22.hdf5,0.41309255079006774,2.7124340342955247,3.3914084591315166,0.138,0.4185,0.11219759788888115,0.2689389540425932,0.7963882618510169,0.14559772686904227,1.0,0.5454545454545462,1.0,0.8536945180876754,0.2768683563159777,4.618003408578259,0.0
