Model,IndCentRatio,MinABSSurvCoef,AvgABSSurvCoef,MinPosSigRate,AvgPosSigRate,MinABSGeCohD,AvgABSGeCohD,NormIndCentRatio,NormMinABSSurvCoef,NormAvgABSSurvCoef,NormMinPosSigRate,NormAvgPosSigRate,NormMinABSGeCohD,NormAvgABSGeCohD,Metrics,MaxSurvpVal
M08_RCFR_AC_W3_S4_Epo57.hdf5,0.34623655913978496,1.5683761084989256,3.086600972956785,0.0009514747859181732,0.03266730098319061,0.1353629808938429,0.31692804441424594,0.147546712830891,0.010111569031045835,0.0,1.0,0.0,1.0,1.0,3.157658281861937,0.0
M08_RCFR_AC_W3_S5_Epo57.hdf5,0.3178947368421053,1.5602779281867192,3.335452589730057,0.0009256402344955261,0.034480098734958345,0.12781518615817677,0.30383033001086446,0.0,0.0,0.29316884055568343,0.959304046238373,0.3080066146135726,0.8280391188601586,0.9053564709128195,3.293875091180607,0.0
M08_RCFR_AC_W3_S2_Epo16.hdf5,0.5072463768115942,2.361160589160735,3.9354347586401097,0.00031665611146295124,0.03823622545915136,0.09147047065758666,0.17853808231428486,0.9857591990097168,1.0,1.0,0.0,0.9461979822110365,0.0,0.0,3.9319571812207537,0.0
M08_RCFR_AC_W3_S3_Epo16.hdf5,0.5099818511796733,2.361160589160735,3.7869785139418513,0.0006325110689437065,0.038187855787476285,0.09340108336275434,0.1813885468464492,1.0,1.0,0.8251056364600887,0.49755145869300454,0.9379796474254365,0.043985014636345424,0.020597335882680607,4.325219093097556,0.0
M08_RCFR_AC_W3_S1_Epo16.hdf5,0.5099818511796733,2.361160589160735,3.7869785139418513,0.0006333122229259025,0.03855288157061431,0.09339770083780223,0.18142373087832947,1.0,1.0,0.8251056364600887,0.498813478879924,1.0,0.04390795080623184,0.020851574205651285,4.3886786403518965,0.0
