Model,IndCentRatio,MinABSSurvCoef,AvgABSSurvCoef,MinNegSigRate,AvgNegSigRate,MinABSGeCohD,AvgABSGeCohD,NormIndCentRatio,NormMinABSSurvCoef,NormAvgABSSurvCoef,NormMinNegSigRate,NormAvgNegSigRate,NormMinABSGeCohD,NormAvgABSGeCohD,Metrics,MaxSurvpVal
M07_RCFR_AC_W2_S2_Epo64.hdf5,0.3911111111111111,2.6055507411717813,3.080353118444536,0.1104294478527607,0.4202453987730061,0.1098835704529151,0.2426056756939414,0.0,0.5642425973210164,0.0,0.0,0.8106935827590662,0.054825419744799084,0.5691940511390371,1.9989556509639188,0.0
M07_RCFR_AC_W2_S1_Epo63.hdf5,0.416289592760181,2.486823303550414,3.112266740064665,0.1253731343283582,0.4052238805970149,0.1097036798137158,0.2592368590170906,0.5209133850559252,0.0,0.5425580607096123,0.34297675239684466,0.014408229427837304,0.0,0.82902663247907,2.2498830600692896,0.0
M07_RCFR_AC_W2_S3_Epo64.hdf5,0.3911111111111111,2.697242435649048,3.083898613939258,0.1469648562300319,0.4049520766773162,0.1124256934389854,0.2385614921179946,0.0,1.0,0.06027636671162887,0.838534436144072,0.0,0.8295903567896965,0.5060108946832614,3.2344120543286587,0.0
M07_RCFR_AC_W2_S5_Epo23.hdf5,0.4394463667820069,2.5831747819309583,3.1010151182811683,0.154,0.406,0.1129848337024894,0.2061730983700414,1.0,0.4579026508643687,0.3512711498301011,1.0,0.05555004384317295,1.0,0.0,3.8647238445376426,0.0
M07_RCFR_AC_W2_S4_Epo63.hdf5,0.4357798165137614,2.6914230563959776,3.1391737754971456,0.1479289940828402,0.4238165680473373,0.1110184412465395,0.2701804035254507,0.9241433562861401,0.9723438681880757,1.0,0.860662635244009,1.0,0.4007009355221442,1.0,6.1578507952403685,0.0
