Model,IndCentRatio,MinABSSurvCoef,AvgABSSurvCoef,MinPosSigRate,AvgPosSigRate,MinABSGeCohD,AvgABSGeCohD,NormIndCentRatio,NormMinABSSurvCoef,NormAvgABSSurvCoef,NormMinPosSigRate,NormAvgPosSigRate,NormMinABSGeCohD,NormAvgABSGeCohD,Metrics,MaxSurvpVal
M03_RCFR_S5_Epo65.hdf5,0.42272727272727273,1.8617151017758131,3.12246968681499,0.068,0.40700000000000003,0.09589712144525901,0.1978525189938823,1.0,1.0,0.39644246231788116,0.0,0.0,0.0,0.0,2.3964424623178813,0.0
M03_RCFR_S3_Epo44.hdf5,0.3068893528183716,1.60355371476719,3.4585689235543033,0.156,0.4435,0.11605480120775342,0.20137048613958347,0.0,0.36807239575895473,1.0,0.6285714285714286,0.3093220338983049,0.8593182776848819,0.10527001645534619,3.2705541523689163,0.0
M03_RCFR_S1_Epo45.hdf5,0.3206751054852321,1.5968043223305572,3.279335579347528,0.208,0.4705,0.11935487893274303,0.20753363976014988,0.11900897976847373,0.35155122874019534,0.6781378114706097,1.0,0.5381355932203385,1.0,0.28969336556099495,3.9765269787606123,0.0
M03_RCFR_S4_Epo45.hdf5,0.326271186440678,1.6812846262395016,3.2405910720041815,0.192,0.475,0.11651584896093706,0.2100214421838948,0.16731855714906585,0.5583421693735886,0.6085615170472025,0.8857142857142858,0.5762711864406775,0.8789726608214468,0.3641372108951668,4.039317587441434,0.0
M03_RCFR_S2_Epo44.hdf5,0.32346723044397463,1.4531850972689222,2.9017053011893883,0.198,0.525,0.11898692856384273,0.23127102945068884,0.1431127012522362,0.0,0.0,0.9285714285714287,1.0,0.9843143416800764,1.0,4.055998471503742,0.0
