Model,IndCentRatio,MinABSSurvCoef,AvgABSSurvCoef,MinPosSigRate,AvgPosSigRate,MinABSGeCohD,AvgABSGeCohD,NormIndCentRatio,NormMinABSSurvCoef,NormAvgABSSurvCoef,NormMinPosSigRate,NormAvgPosSigRate,NormMinABSGeCohD,NormAvgABSGeCohD,Metrics,MaxSurvpVal
M06_RCFR_AC_W1_S5_Epo52.hdf5,0.4101694915254237,2.3309638280472975,3.4658994206696283,0.242,0.4085,0.12149425126506892,0.18524052097551563,0.23227118644067768,0.7573764737338287,0.9615455960419637,0.0,0.0,0.0,0.0,1.95119325621647,0.0
M06_RCFR_AC_W1_S4_Epo52.hdf5,0.3959731543624161,2.403263323769568,3.3609757303147663,0.278,0.4395,0.1297729590532749,0.18882967113775834,0.0,1.0,0.7573085820114532,0.1651376146788992,0.21527777777777796,0.2533199171685653,0.07888797148132479,2.4699318631180205,0.0
M06_RCFR_AC_W1_S3_Epo52.hdf5,0.3959731543624161,2.3951802469501904,3.4856547916185545,0.288,0.444,0.13072925168219565,0.1890510868493842,0.0,0.9728747125909255,1.0,0.2110091743119265,0.24652777777777796,0.282581485005544,0.08375459325937394,2.796747742945548,0.0
M06_RCFR_AC_W1_S2_Epo55.hdf5,0.45709281961471104,2.105272865733961,2.988362949225302,0.38,0.5485,0.13689047097882512,0.23073731972502293,1.0,0.0,0.0320069695544909,0.6330275229357798,0.9722222222222222,0.47110843894671733,1.0,4.108365153659211,0.0
M06_RCFR_AC_W1_S1_Epo55.hdf5,0.4101694915254237,2.3507530093173776,2.971919850609342,0.46,0.5525,0.1541750916851182,0.22427308649098707,0.23227118644067768,0.8237852487010979,0.0,1.0,1.0,1.0,0.8579189434925713,4.913975378634347,0.0
