Model,IndCentRatio,MinABSSurvCoef,AvgABSSurvCoef,MinPosSigRate,AvgPosSigRate,MinABSGeCohD,AvgABSGeCohD,NormIndCentRatio,NormMinABSSurvCoef,NormAvgABSSurvCoef,NormMinPosSigRate,NormAvgPosSigRate,NormMinABSGeCohD,NormAvgABSGeCohD,Metrics,MaxSurvpVal
M08_RCFR_AC_W3_S4_Epo16.hdf5,0.5045207956600362,2.361160589160735,3.866897302278512,0.0006666666666666,0.0406666666666666,0.0910203030495044,0.1805199805332417,0.0,0.0,0.5383322776289927,0.0,0.0,0.0,0.0,0.5383322776289927,0.0
M08_RCFR_AC_W3_S5_Epo16.hdf5,0.5072463768115942,2.361160589160735,3.9354347586401097,0.0006666666666666,0.0415,0.0913002323236265,0.1818613777898456,0.4990942028985576,0.0,1.0,0.0,0.6250000000000189,0.15271396950102095,0.3390280499752889,2.6158362223748863,0.0
M08_RCFR_AC_W3_S2_Epo16.hdf5,0.5072463768115942,2.361160589160735,3.9354347586401097,0.0006666666666666,0.042,0.0911698043019952,0.1814324957628055,0.4990942028985576,0.0,1.0,0.0,1.0,0.08155963603608868,0.23063134901216412,2.811285187946811,0.0
M08_RCFR_AC_W3_S1_Epo16.hdf5,0.5099818511796733,2.361160589160735,3.7869785139418513,0.0006666666666666,0.0411666666666666,0.0927939210717575,0.1842726292189954,1.0,0.0,0.0,0.0,0.3749999999999811,0.9675881502792782,0.9484536813460112,3.2910418316252708,0.0
M08_RCFR_AC_W3_S3_Epo16.hdf5,0.5099818511796733,2.361160589160735,3.7869785139418513,0.0006666666666666,0.0411666666666666,0.0928533329618087,0.184476577212194,1.0,0.0,0.0,0.0,0.3749999999999811,1.0,1.0,3.3749999999999813,0.0
