Model,IndCentRatio,MinABSSurvCoef,AvgABSSurvCoef,MinPosSigRate,AvgPosSigRate,MinABSGeCohD,AvgABSGeCohD,NormIndCentRatio,NormMinABSSurvCoef,NormAvgABSSurvCoef,NormMinPosSigRate,NormAvgPosSigRate,NormMinABSGeCohD,NormAvgABSGeCohD,Metrics,MaxSurvpVal
M02_RCFR_NoGROM_S5_Epo48.hdf5,0.40540540540540543,1.7462729295574466,2.0616395644335763,0.702,0.873,0.19497204405594767,0.3447358366399276,0.0,0.9842075858141422,0.9768939250121815,0.08333333333333333,0.07692307692308481,0.09434682604611672,0.05019953491296814,2.2659042820418267,0.0
M02_RCFR_NoGROM_S3_Epo48.hdf5,0.4077834179357022,1.744404780504308,2.061087914524142,0.7,0.8724999999999999,0.1939090358787231,0.3439185002046601,1.0,0.9756358232302407,0.9606360270939687,0.0,0.0,0.0,0.0,2.9362718503242093,0.0
M02_RCFR_NoGROM_S1_Epo48.hdf5,0.40540540540540543,1.749714763523251,2.028492385876357,0.724,0.8765000000000001,0.20118456146506628,0.3457372287298959,0.0,1.0,0.0,1.0,0.6153846153846272,0.6457360927184815,0.1117034823853234,3.3728241904884326,0.0
M02_RCFR_NoGROM_S4_Epo48.hdf5,0.40540540540540543,1.7464878362367042,2.0624235811766103,0.716,0.876,0.19885717862006153,0.3474863177616274,0.0,0.9851936575781678,1.0,0.6666666666666666,0.5384615384615424,0.4391702457899209,0.21912981519717428,3.8486219236934716,0.0
M02_RCFR_NoGROM_S2_Epo41.hdf5,0.40540540540540543,1.531772533456448,2.035162042363002,0.722,0.879,0.20517606225123694,0.360200253346089,0.0,0.0,0.19656414775919503,0.9166666666666666,1.0,1.0,1.0,4.113230814425862,0.0
