Model,IndCentRatio,MinABSSurvCoef,AvgABSSurvCoef,MinPosSigRate,AvgPosSigRate,MinABSGeCohD,AvgABSGeCohD,NormIndCentRatio,NormMinABSSurvCoef,NormAvgABSSurvCoef,NormMinPosSigRate,NormAvgPosSigRate,NormMinABSGeCohD,NormAvgABSGeCohD,Metrics,MaxSurvpVal
M08_RCFR_AC_W3_S4_Epo16.hdf5,0.5045207956600362,2.361160589160735,3.8668973022785114,0.0005032712632108706,0.03598389531957725,0.09219393120074984,0.176662681603717,0.0,1.0,0.7680408335758111,0.0,0.7655841155797672,0.08007322582620818,0.0,2.6136981749817862,0.0
M08_RCFR_AC_W3_S2_Epo16.hdf5,0.5072463768115942,2.361160589160735,3.9354347586401097,0.0005053057099545225,0.03688731682668014,0.09198652222355211,0.1776679245818803,0.0983695652173928,1.0,1.0,0.002543598568836409,0.9307246498919722,0.0,0.046152849861946656,3.0777906635401484,0.0
M08_RCFR_AC_W3_S5_Epo16.hdf5,0.5072463768115942,2.361160589160735,3.9354347586401097,0.0005047955577990914,0.037102473498233215,0.09210408469802457,0.17782880455120986,0.0983695652173928,1.0,1.0,0.0019057729307397054,0.9700541183867536,0.04538668814776987,0.05353919249905565,3.1692553371817116,0.0
M08_RCFR_AC_W3_S1_Epo16.hdf5,0.5099818511796733,2.361160589160735,3.7869785139418513,0.0005053057099545225,0.03726629610914604,0.09363143373941502,0.1805464117309164,0.1970961887477317,1.0,0.49756252130232437,0.002543598568836409,1.0,0.6350418051011026,0.17831033626562298,3.5105544499856185,0.0
M08_RCFR_AC_W3_S3_Epo19.hdf5,0.5322283609576427,1.908615768297466,3.6399626830237386,0.0013031013812874641,0.03179567370341412,0.09457676353152557,0.19844341629659498,1.0,0.0,0.0,1.0,0.0,1.0,1.0,4.0,0.0
