Model,IndCentRatio,MinABSSurvCoef,AvgABSSurvCoef,MinNegSigRate,AvgNegSigRate,MinABSGeCohD,AvgABSGeCohD,NormIndCentRatio,NormMinABSSurvCoef,NormAvgABSSurvCoef,NormMinNegSigRate,NormAvgNegSigRate,NormMinABSGeCohD,NormAvgABSGeCohD,Metrics,MaxSurvpVal
M08_RCFR_AC_W3_S1_Epo51.hdf5,0.2702290076335877,1.3515284541284682,3.099292263028433,0.2737015663643858,0.5507007419620775,0.1536983571978816,0.30922834025457,1.0,0.5190705538348932,1.0,0.08781866072074461,0.0,0.03803954801778399,0.0,2.644928762573422,0.0
M08_RCFR_AC_W3_S2_Epo50.hdf5,0.2586666666666666,1.3382156000006329,2.958414506077353,0.3017312448474856,0.5972794723825227,0.1579379684404966,0.3441656014602048,0.6945464757090705,0.18415099381048006,0.054440538248355826,0.2634559821622338,0.4704401696138765,0.27297761694460465,0.7283168019149145,2.6683285784035355,0.0
M08_RCFR_AC_W3_S3_Epo50.hdf5,0.2606060606060606,1.370645114744259,2.950303476336896,0.2596867271228359,0.5892415498763397,0.1530119086534764,0.3410215660296221,0.7457813178116486,1.0,0.0,0.0,0.38925801645042046,0.0,0.6627749205284057,2.7978142547904747,0.0
M08_RCFR_AC_W3_S4_Epo50.hdf5,0.2606060606060606,1.3596099812037703,2.972561127597515,0.2712283594394064,0.5921269579554822,0.1555521636935415,0.3393020721540069,0.7457813178116486,0.7223824407071678,0.14939145257086164,0.07232125000531885,0.41840032784242936,0.1407682401857235,0.626929629936527,2.8759746590596764,0.0
M08_RCFR_AC_W3_S5_Epo50.hdf5,0.2323759791122715,1.330895707074952,2.9680005269440057,0.4192751235584843,0.6497116968698516,0.1710575632465409,0.3571982087428111,0.0,0.0,0.1187810908464492,1.0,1.0,1.0,1.0,4.118781090846449,0.0
