Model,IndCentRatio,MinABSSurvCoef,AvgABSSurvCoef,MinNegSigRate,AvgNegSigRate,MinABSGeCohD,AvgABSGeCohD,NormIndCentRatio,NormMinABSSurvCoef,NormAvgABSSurvCoef,NormMinNegSigRate,NormAvgNegSigRate,NormMinABSGeCohD,NormAvgABSGeCohD,Metrics,MaxSurvpVal
M08_RCFR_AC_W3_S1_Epo51.hdf5,0.27022900763358776,1.3515284541284682,3.099292263028434,0.3072239136451702,0.5606836424024356,0.15745347347434985,0.30249936128985816,1.0,0.5190705538348959,1.0,0.1558733592671356,0.0,0.0,0.0,2.6749439131020316,0.0
M08_RCFR_AC_W3_S3_Epo50.hdf5,0.2606060606060606,1.370645114744259,2.950303476336895,0.2828674231940216,0.5962496540271243,0.15778274328055267,0.33324589712444874,0.7457813178116472,1.0,0.0,0.0,0.38204680535911506,0.01853056223898727,0.6925320912069135,2.838890776616663,0.0
M08_RCFR_AC_W3_S2_Epo50.hdf5,0.25866666666666666,1.3382156000006327,2.958414506077353,0.3567672294492112,0.6107805148076391,0.16296118247194533,0.3357589818664654,0.6945464757090707,0.18415099381047903,0.05444053824836114,0.47293394232187747,0.5381359670817105,0.30996144332562,0.7491365763798743,3.003305936876993,0.0
M08_RCFR_AC_W3_S4_Epo50.hdf5,0.2606060606060606,1.3596099812037705,2.9725611275975146,0.32161638527539443,0.6053141433711597,0.15962363274608318,0.3311290833930813,0.7457813178116472,0.722382440707175,0.14939145257086284,0.24798034428862503,0.4794167110051157,0.12213167042895859,0.6448531771345783,3.1119371139469627,0.0
M08_RCFR_AC_W3_S5_Epo50.hdf5,0.23237597911227154,1.3308957070749519,2.9680005269440057,0.43912562257886,0.6537769784172661,0.17522248673774962,0.3468966335967731,0.0,0.0,0.11878109084645373,1.0,1.0,1.0,1.0,4.118781090846454,0.0
