Model,IndCentRatio,MinABSSurvCoef,AvgABSSurvCoef,MinNegSigRate,AvgNegSigRate,MinABSGeCohD,AvgABSGeCohD,NormIndCentRatio,NormMinABSSurvCoef,NormAvgABSSurvCoef,NormMinNegSigRate,NormAvgNegSigRate,NormMinABSGeCohD,NormAvgABSGeCohD,Metrics,MaxSurvpVal
M06_RCFR_AC_W1_S1_Epo20.hdf5,0.2711864406779661,1.7067967047221335,2.726902983323508,0.0,0.0100671140939597,0.1509146728146041,0.2421842351021687,0.0,1.0,0.0,0.0,0.0,1.0,1.0,3.0,0.0
M06_RCFR_AC_W1_S2_Epo17.hdf5,0.3043478260869565,1.261258483211286,2.7730755213521525,0.0,0.0127118644067796,0.1417524613506376,0.1929638844739825,1.0,0.0,1.0,0.0,1.0,0.0,0.0,3.0,0.001
